id,mendel_ALS_Y,polygenicY_ALS,relatives_1st,relatives_1st_als,relatives_1st_als_monogenic,relatives_1st_als_polygenic,relatives_2nd,relatives_2nd_als,relatives_2nd_als_monogenic,relatives_2nd_als_polygenic,relatives_3rd,relatives_3rd_als,relatives_3rd_als_monogenic,relatives_3rd_als_polygenic
sim1036_C0_6_2,1,0,5,3,3,0,12,0,0,0,34,1,0,1
sim365_C0_5_2,1,0,3,0,0,0,13,1,0,1,22,0,0,0
sim1595_C0_5_2,1,0,5,1,1,0,13,0,0,0,35,3,2,1
sim1595_C0_5_3,1,0,5,0,0,0,13,0,0,0,35,2,1,1
sim1153_C0_2_5,1,0,7,1,1,0,22,0,0,0,59,2,1,1
sim1040_C0_3_4,1,0,5,1,1,0,10,0,0,0,16,1,0,1
sim502_C0_6_2,1,0,6,2,2,0,15,0,0,0,33,4,3,1
sim710_C0_2_1,1,0,3,1,0,1,22,3,3,0,33,0,0,0
sim1028_C0_3_1,1,0,5,1,0,1,9,1,1,0,15,0,0,0
sim2476_C0_3_4,1,0,7,3,3,0,8,2,1,1,19,0,0,0
sim2476_C0_3_6,1,0,7,2,2,0,8,2,1,1,19,0,0,0
sim2104_C0_7_4,1,0,7,1,1,0,11,1,0,1,21,0,0,0
sim627_C0_5_3,1,0,5,1,1,0,16,3,2,1,34,4,4,0
sim1379_C0_1_1,1,0,2,0,0,0,12,2,1,1,27,0,0,0
sim1379_C0_2_1,1,0,2,1,0,1,5,1,1,0,1,1,1,0
sim560_C0_3_1,1,0,4,0,0,0,7,1,1,0,14,1,0,1
sim2208_C0_1_1,1,0,9,1,1,0,13,0,0,0,24,1,0,1
sim1690_C0_2_1,1,0,4,0,0,0,8,0,0,0,11,1,0,1
sim608_C0_5_2,1,0,3,0,0,0,10,1,1,0,16,2,1,1
sim1204_C0_1_1,1,0,2,1,1,0,14,1,1,0,33,3,2,1
sim134_C0_7_1,1,0,2,0,0,0,14,2,1,1,12,0,0,0
sim1420_C0_6_2,1,0,4,1,0,1,14,1,1,0,32,2,2,0
sim1448_C0_2_1,1,0,8,1,1,0,13,0,0,0,25,2,1,1
sim1180_C0_1_4,1,0,7,0,0,0,13,0,0,0,19,1,0,1
sim1449_C0_1_3,1,0,4,0,0,0,6,3,2,1,2,0,0,0
sim474_C0_1_1,1,0,4,0,0,0,9,0,0,0,13,1,0,1
sim2148_C0_3_6,1,0,8,0,0,0,13,2,1,1,24,0,0,0
sim627_C0_1_4,1,0,5,2,1,1,16,0,0,0,28,0,0,0
sim926_C0_3_1,1,0,2,0,0,0,12,1,0,1,15,0,0,0
sim1887_C0_3_1,1,0,4,0,0,0,8,2,1,1,9,0,0,0
sim1887_C0_3_3,1,0,4,1,1,0,8,2,1,1,9,0,0,0
