Entity,Code,Year,Births - Sex: all - Age: all - Variant: estimates,Births - Sex: all - Age: all - Variant: medium
Netherlands,NLD,1950,229967,
Netherlands,NLD,1951,229771,
Netherlands,NLD,1952,233180,
Netherlands,NLD,1953,228955,
Netherlands,NLD,1954,228464,
Netherlands,NLD,1955,229356,
Netherlands,NLD,1956,231665,
Netherlands,NLD,1957,233786,
Netherlands,NLD,1958,236398,
Netherlands,NLD,1959,241877,
Netherlands,NLD,1960,239199,
Netherlands,NLD,1961,246626,
Netherlands,NLD,1962,245500,
Netherlands,NLD,1963,249116,
Netherlands,NLD,1964,250319,
Netherlands,NLD,1965,244976,
Netherlands,NLD,1966,239509,
Netherlands,NLD,1967,237710,
Netherlands,NLD,1968,236468,
Netherlands,NLD,1969,246604,
Netherlands,NLD,1970,239164,
Netherlands,NLD,1971,227812,
Netherlands,NLD,1972,214323,
Netherlands,NLD,1973,195472,
Netherlands,NLD,1974,185825,
Netherlands,NLD,1975,177519,
Netherlands,NLD,1976,176409,
Netherlands,NLD,1977,173478,
Netherlands,NLD,1978,175185,
Netherlands,NLD,1979,174948,
Netherlands,NLD,1980,180232,
Netherlands,NLD,1981,177930,
Netherlands,NLD,1982,172087,
Netherlands,NLD,1983,170499,
Netherlands,NLD,1984,175182,
Netherlands,NLD,1985,179521,
Netherlands,NLD,1986,186016,
Netherlands,NLD,1987,188679,
Netherlands,NLD,1988,189179,
Netherlands,NLD,1989,192168,
Netherlands,NLD,1990,200500,
Netherlands,NLD,1991,201530,
Netherlands,NLD,1992,199898,
Netherlands,NLD,1993,199119,
Netherlands,NLD,1994,199058,
Netherlands,NLD,1995,194071,
Netherlands,NLD,1996,192587,
Netherlands,NLD,1997,195334,
Netherlands,NLD,1998,201770,
Netherlands,NLD,1999,203273,
Netherlands,NLD,2000,208618,