"age","total_population","total_deaths","mortality_rate","incidence_rate","survival_to_age","prob_als_at_age"
0,75403,0,0,0,1,0
1,75158,0,0,0,1,0
2,75168,0,0,0,1,0
3,75094,0,0,0,1,0
4,75232,0,0,0,1,0
5,75279,0,0,0,1,0
6,75254,0,0,0,1,0
7,75195,0,0,0,1,0
8,75285,0,0,0,1,0
9,75400,0,0,0,1,0
10,75311,0,0,0,1,0
11,75292,0,0,0,1,0
12,75411,0,0,0,1,0
13,75473,0,0,0,1,0
14,75500,0,0,0,1,0
15,75305,0,0,0,1,0
16,75238,0,0,0,1,0
17,75427,0,0,0,1,0
18,75554,0,0,0,1,0
19,75456,0,0,0,1,0
20,75399,0,0,0,1,0
21,75386,0,0,0,1,0
22,75255,0,0,0,1,0
23,75251,0,0,0,1,0
24,75171,0,0,0,1,0
25,75230,0,0,0,1,0
26,75401,0,0,0,1,0
27,75501,0,0,0,1,0
28,75485,0,0,0,1,0
29,75453,0,0,0,1,0
30,75511,0,0,0,1,0
31,75320,0,0,0,1,0
32,75333,0,0,0,1,0
33,75318,0,0,0,1,0
34,75091,0,0,0,1,0
35,75226,0,0,0,1,0
36,75141,0,0,0,1,0
37,75012,0,0,0,1,0
38,75074,0,0,0,1,0
39,75100,0,0,0,1,0
40,74951,0,0,0,1,0
41,74992,0,0,0,1,0
42,75191,0,0,0,1,0
43,75283,0,0,0,1,0
44,75332,0,0,0,1,0
45,75434,0,0,0,1,0
46,75305,0,0,0,1,0
47,75402,0,0,0,1,0
48,75558,0,0,0,1,0
49,75465,0,0,0,1,0
50,75317,0,0,0,1,0
51,75398,0,0,0,1,0
52,75351,0,0,0,1,0
53,75338,2,2.65470280602087e-05,0,1,0
54,75247,7,9.30269645301474e-05,0,0.99997345297194,0
55,75201,6,7.97861730562094e-05,0,0.999880428476999,0
56,75194,12,0.000159587201106471,0,0.999800651844097,0
57,75227,32,0.000425379185664721,0,0.999641096456405,0
58,75130,48,0.000638892586183948,0,0.999215869940837,0
59,75049,99,0.0013191381630668,0,0.998577478329535,0
60,74922,202,0.00269613731614212,2.66944288726943e-05,0.997260216669091,2.66212919214407e-05
61,74709,303,0.0040557362566759,4.01558045215436e-05,0.994571466185026,3.99378173788309e-05
62,74359,469,0.00630723920440027,1.34482712247341e-05,0.990537746629764,1.3321020275014e-05
63,73893,701,0.00948669021422868,6.76654080900762e-05,0.984290188120782,6.66023972582506e-05
64,73207,975,0.0133183985138033,6.82994795579658e-05,0.974952532025175,6.65887505310404e-05
65,72254,1442,0.0199573726022089,6.92003210894899e-05,0.961967725671623,6.65684754942026e-05
66,70624,1924,0.027242863615768,0.000113275940190304,0.942769377339094,0.000106793087600713
67,68633,2464,0.0359010971398598,0.000174843005551265,0.917085639771123,0.000160346009605488
68,65620,3151,0.0480188966778421,0.000167631819567205,0.88416125913213,0.00014821356065915
69,61760,3635,0.0588568652849741,0.000259067357512953,0.841704810983313,0.000218058241187387
70,53240,3993,0.075,0.000131480090157776,0.792164704313554,0.000104153886742954
71,46079,4339,0.0941643698864993,0.000217018598493891,0.732752351490037,0.000159020888363471
72,39729,4444,0.111857836844622,0.000251705303430743,0.663753188029127,0.000167070197595995
73,33465,4353,0.130076199013895,0.000298819662333782,0.589507192217467,0.000176156340121759
74,26869,4035,0.150173061892888,0.000260523279615914,0.512826337362465,0.000133603199283087
75,20836,3658,0.1755615281244,0.000287963140717988,0.435813636061429,0.000125498263407975
76,15963,2917,0.182735074860615,0.000375869197519263,0.359301528137033,0.000135050377048312
77,12325,2518,0.204300202839757,0.000243407707910751,0.293644536495379,7.1475343568855e-05
78,8704,2054,0.235983455882353,0.000114889705882353,0.233652898126587,2.68443127443229e-05
79,6189,1562,0.252383260623687,0.000646307965745678,0.178514679749748,0.0001153754595248
80,4209,1209,0.287241625089095,0.000475172249940603,0.133460562805313,6.34167559065398e-05
81,3411,973,0.285253591322193,0.000293169158604515,0.0951251338598097,2.78877554558222e-05
82,2625,778,0.296380952380952,0,0.0679903478012946,0
83,1895,606,0.319788918205805,0.000527704485488127,0.0478393037672347,2.52450151805988e-05
84,1248,383,0.306891025641026,0,0.0325408245677919,0
85,893,286,0.32026875699888,0.00111982082866741,0.0225543375409775,2.5256816955182e-05
86,594,217,0.365319865319865,0.00168350168350168,0.0153308878917955,2.58095755754133e-05
87,361,114,0.315789473684211,0,0.0097302099919308,0
88,213,68,0.31924882629108,0.00469483568075117,0.00665751209974212,3.1255925350902e-05
89,136,45,0.330882352941176,0,0.00453210917588079,0
90,89,38,0.426966292134831,0,0.00303251422797906,0
91,45,19,0.422222222222222,0,0.00173773287221272,0
92,19,8,0.421052631578947,0,0.00100402343727846,0
93,8,3,0.375,0,0.000581276726845424,0
94,3,0,0,0,0.00036329795427839,0
95,2,1,0.5,0,0.00036329795427839,0
96,0,0,NA,NA,0.000181648977139195,NA
97,0,0,NA,NA,NA,NA
98,0,0,NA,NA,NA,NA
99,0,0,NA,NA,NA,NA
100,0,0,NA,NA,NA,NA
101,0,0,NA,NA,NA,NA
102,0,0,NA,NA,NA,NA
103,0,0,NA,NA,NA,NA
104,0,0,NA,NA,NA,NA
105,0,0,NA,NA,NA,NA
106,0,0,NA,NA,NA,NA
107,0,0,NA,NA,NA,NA
108,0,0,NA,NA,NA,NA
109,0,0,NA,NA,NA,NA
