Entity,Code,Year,"Fertility rate (period), historical"
Europe (UN),,1950,2.7
Europe (UN),,1951,2.66
Europe (UN),,1952,2.645
Europe (UN),,1953,2.622
Europe (UN),,1954,2.626
Europe (UN),,1955,2.624
Europe (UN),,1956,2.61
Europe (UN),,1957,2.614
Europe (UN),,1958,2.597
Europe (UN),,1959,2.603
Europe (UN),,1960,2.592
Europe (UN),,1961,2.57
Europe (UN),,1962,2.519
Europe (UN),,1963,2.517
Europe (UN),,1964,2.493
Europe (UN),,1965,2.436
Europe (UN),,1966,2.42
Europe (UN),,1967,2.417
Europe (UN),,1968,2.372
Europe (UN),,1969,2.326
Europe (UN),,1970,2.283
Europe (UN),,1971,2.272
Europe (UN),,1972,2.213
Europe (UN),,1973,2.139
Europe (UN),,1974,2.128
Europe (UN),,1975,2.069
Europe (UN),,1976,2.034
Europe (UN),,1977,1.994
Europe (UN),,1978,1.962
Europe (UN),,1979,1.942
Europe (UN),,1980,1.928
Europe (UN),,1981,1.89
Europe (UN),,1982,1.886
Europe (UN),,1983,1.884
Europe (UN),,1984,1.857
Europe (UN),,1985,1.834
Europe (UN),,1986,1.852
Europe (UN),,1987,1.844
Europe (UN),,1988,1.82
Europe (UN),,1989,1.76
Europe (UN),,1990,1.722
Europe (UN),,1991,1.656
Europe (UN),,1992,1.587
Europe (UN),,1993,1.516
Europe (UN),,1994,1.486
Europe (UN),,1995,1.452
Europe (UN),,1996,1.44
Europe (UN),,1997,1.426
Europe (UN),,1998,1.415
Europe (UN),,1999,1.397
Europe (UN),,2000,1.41
Europe (UN),,2001,1.401
Europe (UN),,2002,1.418
Europe (UN),,2003,1.443
Europe (UN),,2004,1.465
Europe (UN),,2005,1.462
Europe (UN),,2006,1.49
Europe (UN),,2007,1.535
Europe (UN),,2008,1.593
Europe (UN),,2009,1.601
Europe (UN),,2010,1.606
Europe (UN),,2011,1.587
Europe (UN),,2012,1.612
Europe (UN),,2013,1.592
Europe (UN),,2014,1.608
Europe (UN),,2015,1.605
Europe (UN),,2016,1.611
Europe (UN),,2017,1.557
Europe (UN),,2018,1.522
Europe (UN),,2019,1.486
Europe (UN),,2020,1.465
Europe (UN),,2021,1.473
Europe (UN),,2022,1.41
Europe (UN),,2023,1.395
Netherlands,NLD,1950,3.104
Netherlands,NLD,1951,3.064
Netherlands,NLD,1952,3.094
Netherlands,NLD,1953,3.037
Netherlands,NLD,1954,3.027
Netherlands,NLD,1955,3.032
Netherlands,NLD,1956,3.052
Netherlands,NLD,1957,3.074
Netherlands,NLD,1958,3.103
Netherlands,NLD,1959,3.158
Netherlands,NLD,1960,3.118
Netherlands,NLD,1961,3.207
Netherlands,NLD,1962,3.17
Netherlands,NLD,1963,3.183
Netherlands,NLD,1964,3.153
Netherlands,NLD,1965,3.03
Netherlands,NLD,1966,2.896
Netherlands,NLD,1967,2.799
Netherlands,NLD,1968,2.707
Netherlands,NLD,1969,2.737
Netherlands,NLD,1970,2.573
Netherlands,NLD,1971,2.366
Netherlands,NLD,1972,2.152
Netherlands,NLD,1973,1.909
Netherlands,NLD,1974,1.774
Netherlands,NLD,1975,1.666
Netherlands,NLD,1976,1.629
Netherlands,NLD,1977,1.583
Netherlands,NLD,1978,1.582
Netherlands,NLD,1979,1.565
Netherlands,NLD,1980,1.596
Netherlands,NLD,1981,1.558
Netherlands,NLD,1982,1.494
Netherlands,NLD,1983,1.467
Netherlands,NLD,1984,1.488
Netherlands,NLD,1985,1.509
Netherlands,NLD,1986,1.548
Netherlands,NLD,1987,1.556
Netherlands,NLD,1988,1.545
Netherlands,NLD,1989,1.556
Netherlands,NLD,1990,1.614
Netherlands,NLD,1991,1.61
Netherlands,NLD,1992,1.588
Netherlands,NLD,1993,1.573
Netherlands,NLD,1994,1.569
Netherlands,NLD,1995,1.534
Netherlands,NLD,1996,1.53
Netherlands,NLD,1997,1.564
Netherlands,NLD,1998,1.628
Netherlands,NLD,1999,1.656
Netherlands,NLD,2000,1.721
Netherlands,NLD,2001,1.712
Netherlands,NLD,2002,1.729
Netherlands,NLD,2003,1.742
Netherlands,NLD,2004,1.722
Netherlands,NLD,2005,1.706
Netherlands,NLD,2006,1.715
Netherlands,NLD,2007,1.714
Netherlands,NLD,2008,1.764
Netherlands,NLD,2009,1.783
Netherlands,NLD,2010,1.787
Netherlands,NLD,2011,1.752
Netherlands,NLD,2012,1.716
Netherlands,NLD,2013,1.677
Netherlands,NLD,2014,1.704
Netherlands,NLD,2015,1.657
Netherlands,NLD,2016,1.658
Netherlands,NLD,2017,1.617
Netherlands,NLD,2018,1.585
Netherlands,NLD,2019,1.572
Netherlands,NLD,2020,1.545
Netherlands,NLD,2021,1.624
Netherlands,NLD,2022,1.514
Netherlands,NLD,2023,1.43
Sweden,SWE,1891,4.142
Sweden,SWE,1892,3.966
Sweden,SWE,1893,4.039
Sweden,SWE,1894,4.019
Sweden,SWE,1895,4.083
Sweden,SWE,1896,4.048
Sweden,SWE,1897,3.977
Sweden,SWE,1898,4.043
Sweden,SWE,1899,3.929
Sweden,SWE,1900,4.013
Sweden,SWE,1901,4.009
Sweden,SWE,1902,3.926
Sweden,SWE,1903,3.811
Sweden,SWE,1904,3.814
Sweden,SWE,1905,3.796
Sweden,SWE,1906,3.789
Sweden,SWE,1907,3.751
Sweden,SWE,1908,3.754
Sweden,SWE,1909,3.726
Sweden,SWE,1910,3.57
Sweden,SWE,1911,3.45
Sweden,SWE,1912,3.401
Sweden,SWE,1913,3.29
Sweden,SWE,1914,3.229
Sweden,SWE,1915,3.033
Sweden,SWE,1916,2.959
Sweden,SWE,1917,2.899
Sweden,SWE,1918,2.803
Sweden,SWE,1919,2.705
Sweden,SWE,1920,3.198
Sweden,SWE,1921,2.902
Sweden,SWE,1922,2.63
Sweden,SWE,1923,2.524
Sweden,SWE,1924,2.401
Sweden,SWE,1925,2.309
Sweden,SWE,1926,2.193
Sweden,SWE,1927,2.08
Sweden,SWE,1928,2.054
Sweden,SWE,1929,1.926
Sweden,SWE,1930,1.931
Sweden,SWE,1931,1.847
Sweden,SWE,1932,1.799
Sweden,SWE,1933,1.688
Sweden,SWE,1934,1.676
Sweden,SWE,1935,1.676
Sweden,SWE,1936,1.726
Sweden,SWE,1937,1.745
Sweden,SWE,1938,1.805
Sweden,SWE,1939,1.862
Sweden,SWE,1940,1.824
Sweden,SWE,1941,1.894
Sweden,SWE,1942,2.163
Sweden,SWE,1943,2.382
Sweden,SWE,1944,2.57
Sweden,SWE,1945,2.588
Sweden,SWE,1946,2.543
Sweden,SWE,1947,2.481
Sweden,SWE,1948,2.454
Sweden,SWE,1949,2.369
Sweden,SWE,1950,2.286
Sweden,SWE,1951,2.212
Sweden,SWE,1952,2.232
Sweden,SWE,1953,2.253
Sweden,SWE,1954,2.182
Sweden,SWE,1955,2.248
Sweden,SWE,1956,2.286
Sweden,SWE,1957,2.28
Sweden,SWE,1958,2.25
Sweden,SWE,1959,2.226
Sweden,SWE,1960,2.17
Sweden,SWE,1961,2.202
Sweden,SWE,1962,2.236
Sweden,SWE,1963,2.315
Sweden,SWE,1964,2.448
Sweden,SWE,1965,2.401
Sweden,SWE,1966,2.356
Sweden,SWE,1967,2.266
Sweden,SWE,1968,2.074
Sweden,SWE,1969,1.931
Sweden,SWE,1970,1.921
Sweden,SWE,1971,1.957
Sweden,SWE,1972,1.91
Sweden,SWE,1973,1.868
Sweden,SWE,1974,1.867
Sweden,SWE,1975,1.767
Sweden,SWE,1976,1.682
Sweden,SWE,1977,1.64
Sweden,SWE,1978,1.601
Sweden,SWE,1979,1.65
Sweden,SWE,1980,1.672
Sweden,SWE,1981,1.633
Sweden,SWE,1982,1.618
Sweden,SWE,1983,1.613
Sweden,SWE,1984,1.655
Sweden,SWE,1985,1.734
Sweden,SWE,1986,1.795
Sweden,SWE,1987,1.844
Sweden,SWE,1988,1.956
Sweden,SWE,1989,2.015
Sweden,SWE,1990,2.121
Sweden,SWE,1991,2.109
Sweden,SWE,1992,2.078
Sweden,SWE,1993,1.987
Sweden,SWE,1994,1.878
Sweden,SWE,1995,1.73
Sweden,SWE,1996,1.6
Sweden,SWE,1997,1.527
Sweden,SWE,1998,1.506
Sweden,SWE,1999,1.501
Sweden,SWE,2000,1.542
Sweden,SWE,2001,1.569
Sweden,SWE,2002,1.648
Sweden,SWE,2003,1.712
Sweden,SWE,2004,1.751
Sweden,SWE,2005,1.772
Sweden,SWE,2006,1.848
Sweden,SWE,2007,1.877
Sweden,SWE,2008,1.905
Sweden,SWE,2009,1.932
Sweden,SWE,2010,1.973
Sweden,SWE,2011,1.902
Sweden,SWE,2012,1.9
Sweden,SWE,2013,1.885
Sweden,SWE,2014,1.876
Sweden,SWE,2015,1.847
Sweden,SWE,2016,1.846
Sweden,SWE,2017,1.785
Sweden,SWE,2018,1.754
Sweden,SWE,2019,1.709
Sweden,SWE,2020,1.671
Sweden,SWE,2021,1.668
Sweden,SWE,2022,1.538
Sweden,SWE,2023,1.43